"market for synthetic gas | synthetic gas | EN15804, U",11565faf-5638-4e50-8727-5afeca382d8c,1,m3
"market for synthetic gas | synthetic gas | EN15804, U",f0cf88ac-920f-48c1-82e4-2fbcbee9e923,1,m3
"synthetic gas production, from wood, at fixed bed gasifier | synthetic gas | EN15804, U",e9463b41-bdb3-4643-8c61-740b84766f32,1,m3
"synthetic gas production, from wood, at fixed bed gasifier | synthetic gas | EN15804, U",cfac3b26-4611-4980-bdf4-de0bdc59353f,1,m3
"synthetic gas production, from wood, at fluidized bed gasifier | synthetic gas | EN15804, U",c2b46ddf-b4d8-4408-ad15-a30d2f6c4fbe,1,m3
"synthetic gas production, from wood, at fluidized bed gasifier | synthetic gas | EN15804, ",55ea1c23-3618-4c79-9acb-79537499891a,1,m3
"charcoal production | charcoal | EN15804, U",1ad4eaf7-439c-49c6-9f5b-7411d88f95e1,1,kg
"market for charcoal | charcoal | EN15804, U",b7ba8888-00e3-413f-9161-788fc2764b73,1,kg
"hardwood forestry, birch, sustainable forest management | bundle, energy wood, measured as dry mass | EN15804, U",2b2371f4-84c5-4cc0-bb10-4de9be9a4e21,1,kg
"hardwood forestry, birch, sustainable forest management | bundle, energy wood, measured as dry mass | EN15804, U",1b416563-bef5-4e52-b2eb-c5b04a1a3897,1,kg
"market for bundle, energy wood, measured as dry mass | bundle, energy wood, measured as dry mass | EN15804, U",b05fe3ac-3bfd-421b-b79f-b875b3325aa1,1,kg
"market for bundle, energy wood, measured as dry mass | bundle, energy wood, measured as dry mass | EN15804, U",6cd6c546-502a-4207-aea6-17c3b497ae1f,1,kg
"softwood forestry, pine, sustainable forest management | bundle, energy wood, measured as dry mass | EN15804, U",1c50c30b-52e1-44db-9ade-7183f25e4031,1,kg
"softwood forestry, pine, sustainable forest management | bundle, energy wood, measured as dry mass | EN15804, U",795dfa16-ee80-4860-8fe8-ba53db7073a3,1,kg
"softwood forestry, spruce, sustainable forest management | bundle, energy wood, measured as dry mass | EN15804, U",2c4f1903-5fcd-420b-b321-330b71ad7682,1,kg
"softwood forestry, spruce, sustainable forest management | bundle, energy wood, measured as dry mass | EN15804, U",397336d2-7583-4d7a-a2b5-0935c6298efc,1,kg
"biogas purification to biomethane by amino washing | biomethane, high pressure | EN15804, U",475acd16-ed1d-4af3-aabf-af99ba659468,1,m3
"biogas purification to biomethane by amino washing | biomethane, high pressure | EN15804, U",25055a72-8e64-42b7-a18c-3a0397f63ca4,1,m3
"biogas purification to biomethane by membrane technique | biomethane, high pressure | EN15804, U",c2a00b2b-a9d1-4134-9617-937cdcd9f141,1,m3
"biogas purification to biomethane by membrane technique | biomethane, high pressure | EN15804, U",034f6766-5e72-480a-a2bf-ed8412127b24,1,m3
"biogas purification to biomethane by pressure swing adsorption | biomethane, high pressure | EN15804, U",f3593937-7ac7-447f-8acf-3f3b3012a023,1,m3
"biogas purification to biomethane by pressure swing adsorption | biomethane, high pressure | EN15804, U",b83da472-bd68-4b65-a9d2-d18cb3e139e4,1,m3
"biomethane production, high pressure from synthetic gas, wood, fixed bed technology | biomethane, high pressure | EN15804, U",3f829e7a-555a-4f99-adb7-6299a4a4ed56,1,m3
"biomethane production, high pressure from synthetic gas, wood, fixed bed technology | biomethane, high pressure | EN15804, U",c9c057b6-a355-4aac-ae5a-249a1f843c51,1,m3
"biomethane production, high pressure from synthetic gas, wood, fluidised technology | biomethane, high pressure | EN15804, U",70771e00-5d66-4ae5-aa56-ca72f25c2ecb,1,m3
"biomethane production, high pressure from synthetic gas, wood, fluidised technology | biomethane, high pressure | EN15804, U",5a3d133e-e964-42bf-ae94-11cb648c4a11,1,m3
"market for biomethane, high pressure | biomethane, high pressure | EN15804, U",4d313168-39ac-4029-b280-055aed7b81db,1,m3
"market for biomethane, high pressure | biomethane, high pressure | EN15804, U",b2c8d806-f750-43ff-a5c7-139db5dbe9d0,1,m3
"biomethane production, high pressure, vehicle grade | biomethane, high pressure, vehicle grade | EN15804, U",55729ccf-fa1d-4069-945e-8b62458ae02c,1,kg
"biomethane production, high pressure, vehicle grade | biomethane, high pressure, vehicle grade | EN15804, U",e7a75aab-34a2-4250-b781-42cc1e23842b,1,kg
"market for biomethane, high pressure, vehicle grade | biomethane, high pressure, vehicle grade | EN15804, U",5af8ef89-d8ab-4971-8deb-c4114eec5c6c,1,kg
"market for biomethane, high pressure, vehicle grade | biomethane, high pressure, vehicle grade | EN15804, U",9a3a355e-2ab6-41ab-bef3-38a5e367037e,1,kg
"biomethane pressure reduction, from high to low pressure | biomethane, low pressure | EN15804, U",b1720b03-a206-4fd9-af7f-92fde70d93d7,1,MJ
"biomethane pressure reduction, from high to low pressure | biomethane, low pressure | EN15804, U",e816cb25-6ce4-4122-9880-047e251ea5ea,1,MJ
"market for biomethane, low pressure | biomethane, low pressure | EN15804, U",9be260e2-35de-48b4-9573-57541e110763,1,MJ
"market for biomethane, low pressure | biomethane, low pressure | EN15804, U",f463fed5-8d37-4781-b8e2-82eb2315f31a,1,MJ
"biomethane production, medium pressure, vehicle grade | biomethane, medium pressure, vehicle grade | EN15804, U",b7eb040b-c542-4b6c-a7d5-4b5943f55de3,1,kg
"biomethane production, medium pressure, vehicle grade | biomethane, medium pressure, vehicle grade | EN15804, U",0555e745-347c-44a5-9973-cf2b3ffd884c,1,kg
"market for biomethane, medium pressure, vehicle grade | biomethane, medium pressure, vehicle grade | EN15804, U",9ff9814b-773d-4adf-9248-d491f2a7b0df,1,kg
"market for biomethane, medium pressure, vehicle grade | biomethane, medium pressure, vehicle grade | EN15804, U",4240b9ae-37ac-4386-b6fa-b06a15e3a4a7,1,kg
"biomethane production, low pressure, vehicle grade | biomethane, low pressure, vehicle grade | EN15804, U",19115256-dcfb-401d-b6d1-f7689ca3eaf6,1,kg
"biomethane production, low pressure, vehicle grade | biomethane, low pressure, vehicle grade | EN15804, U",24bedbd5-de03-47a5-be21-3137eb8ea5fc,1,kg
"market for biomethane, low pressure, vehicle grade | biomethane, low pressure, vehicle grade | EN15804, U",def8f2eb-993c-4704-b89b-1c13c9cb682a,1,kg
"market for biomethane, low pressure, vehicle grade | biomethane, low pressure, vehicle grade | EN15804, U",aee81a06-1ebc-41a7-970d-50f212e5d109,1,kg
"market for wood pellet, measured as dry mass | wood pellet, measured as dry mass | EN15804, U",dcbf451f-b6b4-4aea-8d8c-94718492347d,1,kg
"market for wood pellet, measured as dry mass | wood pellet, measured as dry mass | EN15804, U",ca74889c-8bbd-4427-9603-31184f73b73f,1,kg
"window frame production, wood, U=1.5 W/m2K | wood pellet, measured as dry mass | EN15804, U",5e320642-17f8-479c-add6-9e28177ee982,1,kg
"window frame production, wood, U=1.5 W/m2K | wood pellet, measured as dry mass | EN15804, U",c2b45f46-6d1f-4ed7-8860-cfe630e5f454,1,kg
"window frame production, wood, U=1.5 W/m2K | wood pellet, measured as dry mass | EN15804, U",431b3e79-90c7-4604-92be-5abb44cef3ae,1,kg
"window frame production, wood-metal, U=1.6 W/m2K | wood pellet, measured as dry mass | EN15804, U",e35ee118-8f28-42e3-8ea2-10fd352b81a6,1,kg
"window frame production, wood-metal, U=1.6 W/m2K | wood pellet, measured as dry mass | EN15804, U",99ea8586-6c96-4aa6-b482-feee6cb2730d,1,kg
"wood pellet production | wood pellet, measured as dry mass | EN15804, U",06877c02-78f6-4e46-a684-089e8e37628d,1,kg
"wood pellet production | wood pellet, measured as dry mass | EN15804, U",7321584c-70a4-490c-a906-0763d24f3db8,1,kg
"hardwood forestry, oak, sustainable forest management | cleft timber, measured as dry mass | EN15804, U",d2de2bbc-95bf-495f-bb61-af107ad5bf12,1,kg
"hardwood forestry, birch, sustainable forest management | cleft timber, measured as dry mass | EN15804, U",8dc42140-bde3-441e-8532-476c67708388,1,kg
"market for cleft timber, measured as dry mass | cleft timber, measured as dry mass | EN15804, U",1e664df6-e557-48bd-82f9-a3ce6bf9f89d,1,kg
"cork forestry | cleft timber, measured as dry mass | EN15804, U",cb3b609e-043d-4ea7-808e-a37672ec5319,1,kg
"softwood forestry, spruce, sustainable forest management | cleft timber, measured as dry mass | EN15804, U",311ffe5a-b326-4abf-86d0-bf89443842ba,1,kg
"hardwood forestry, beech, sustainable forest management | cleft timber, measured as dry mass | EN15804, U",4be61309-9d84-44a0-9179-6efa613822b5,1,kg
"softwood forestry, spruce, sustainable forest management | cleft timber, measured as dry mass | EN15804, U",611aa0f1-12c9-43d0-869a-69a1e41da1e6,1,kg
"softwood forestry, spruce, sustainable forest management | cleft timber, measured as dry mass | EN15804, U",f9bf3be7-970d-4135-9ff4-8f9cea7efffa,1,kg
"market for cleft timber, measured as dry mass | cleft timber, measured as dry mass | EN15804, U",0716d63a-26da-4e6f-99ae-433ae2bb1b1b,1,kg
"market for cleft timber, measured as dry mass | cleft timber, measured as dry mass | EN15804, U",840321f7-8b97-46c9-8e18-2c4072963d16,1,kg
"market for cleft timber, measured as dry mass | cleft timber, measured as dry mass | EN15804, U",20c51db9-ba89-4d6a-98fa-0a4dd23c98e1,1,kg
"hardwood forestry, birch, sustainable forest management | cleft timber, measured as dry mass | EN15804, U",21d91ebf-2cb8-46a1-978a-77eb29a83697,1,kg
"softwood forestry, mixed species, sustainable forest management | cleft timber, measured as dry mass | EN15804, U",08566de6-ae75-41ae-a688-5bf9b306dcdb,1,kg
"cork forestry | cleft timber, measured as dry mass | EN15804, U",e506dac8-bc57-492c-8aed-9812ce772c11,1,kg
"hardwood forestry, beech, sustainable forest management | cleft timber, measured as dry mass | EN15804, U",c8634a78-9c09-44bb-9159-3063d6c57dd9,1,kg
"hardwood forestry, eucalyptus ssp., planted forest management | cleft timber, measured as dry mass | EN15804, U",3acec7ba-e1f2-4518-8af8-29a2a6a23519,1,kg
"softwood forestry, pine, sustainable forest management | cleft timber, measured as dry mass | EN15804, U",8785b84d-5f57-42a1-9545-e633f585b698,1,kg
"hardwood forestry, eucalyptus ssp., planted forest management | cleft timber, measured as dry mass | EN15804, U",c9c52724-af96-49f5-b2bc-223db7c65e90,1,kg
"hardwood forestry, eucalyptus ssp., planted forest management | cleft timber, measured as dry mass | EN15804, U",b0e11670-0d61-48c2-8719-ba01808d6a10,1,kg
"softwood forestry, pine, sustainable forest management | cleft timber, measured as dry mass | EN15804, U",f2d9fdc4-3d0a-4a2c-ac2b-edd97e567f7c,1,kg
"hardwood forestry, eucalyptus ssp., planted forest management | cleft timber, measured as dry mass | EN15804, U",4a558127-b8bd-4945-a4e6-de29b46a045f,1,kg
"hardwood forestry, oak, sustainable forest management | cleft timber, measured as dry mass | EN15804, U",44767eee-bdb5-4a9b-bae9-24ac8c96c536,1,kg
"hardwood forestry, mixed species, sustainable forest management | cleft timber, measured as dry mass | EN15804, U",9b542edf-bd65-4775-9081-f270f18c9a03,1,kg
"softwood forestry, pine, sustainable forest management | cleft timber, measured as dry mass | EN15804, U",35872c1e-d736-4eff-816f-c47703f08c03,1,kg
"heat production, wood pellet, at furnace 9kW | heat, central or small-scale, other than natural gas | EN15804, U",02a14192-4948-4e42-8cf9-1bf26f9d4c8c,1,MJ
"heat and power co-generation, biogas, gas engine | heat, central or small-scale, other than natural gas | EN15804, U",225b7117-49ef-4bd1-bf09-b1fbf54670fc,1,MJ
"heat and power co-generation, biogas, gas engine | heat, central or small-scale, other than natural gas | EN15804, U",7fef5936-27d2-444c-8d79-3c13aed8ca13,1,MJ
"heat production, softwood chips from forest, at furnace 50kW | heat, central or small-scale, other than natural gas | EN15804, U",968f8b6c-e384-4c25-bb47-d556d8c496ba,1,MJ
"heat production, mixed logs, at wood heater 6kW | heat, central or small-scale, other than natural gas | EN15804, U",53ad3dd3-a680-40f0-b909-0edc2e14e4a0,1,MJ
"heat production, wood chips from industry, at furnace 50kW, state-of-the-art 2014 | heat, central or small-scale, other than natural gas | EN15804, U",e269504c-85bc-4e2c-a923-455327a2255b,1,MJ
"heat and power co-generation, biogas, gas engine | heat, central or small-scale, other than natural gas | EN15804, U",27728702-5f7b-4212-aac4-a130671cb01f,1,MJ
"heat and power co-generation, biogas, gas engine | heat, central or small-scale, other than natural gas | EN15804, U",7e7eaf50-9196-42a4-887c-da789140b186,1,MJ
"heat production, mixed logs, at furnace 100kW, state-of-the-art 2014 | heat, central or small-scale, other than natural gas | EN15804, U",b44118ac-b3cd-4b19-9928-b59b55f4d01a,1,MJ
"operation, solar collector system, Cu flat plate collector, one-family house, for combined system | heat, central or small-scale, other than natural gas | EN15804, U",552c0428-7575-4f71-8f5c-d24173aae2c7,1,MJ
"heat and power co-generation, biogas, gas engine | heat, central or small-scale, other than natural gas | EN15804, U",ddb9a205-e671-49c7-90d8-6833ab08b16b,1,MJ
"heat and power co-generation, biogas, gas engine | heat, central or small-scale, other than natural gas | EN15804, U",23837bc6-90cf-4a3d-a0c0-715b0e441638,1,MJ
"heat production, mixed logs, at wood heater 6kW | heat, central or small-scale, other than natural gas | EN15804, U",44c88e60-0461-4d94-a201-11d25e068590,1,MJ
"heat and power co-generation, biogas, gas engine | heat, central or small-scale, other than natural gas | EN15804, U",06df10ce-fbd4-4f7b-b9e6-a0dbba82c299,1,MJ
"heat and power co-generation, biogas, gas engine | heat, central or small-scale, other than natural gas | EN15804, U",e3e2ce39-7898-4596-acba-c857a85832a0,1,MJ
"heat and power co-generation, biogas, gas engine | heat, central or small-scale, other than natural gas | EN15804, U",8ce53135-a74b-4ce1-ac5b-24c084b38902,1,MJ
"heat and power co-generation, biogas, gas engine | heat, central or small-scale, other than natural gas | EN15804, U",4a0c151d-fdc4-45e3-8efc-75b11972b1c4,1,MJ
"heat and power co-generation, biogas, gas engine | heat, central or small-scale, other than natural gas | EN15804, U",4aa62d98-5ecf-42dd-842c-d17b051c767d,1,MJ
"heat and power co-generation, biogas, gas engine | heat, central or small-scale, other than natural gas | EN15804, U",9a1e679e-5a15-4ec6-9387-cf0f44c2ea14,1,MJ
"heat production, wood pellet, at furnace 9kW | heat, central or small-scale, other than natural gas | EN15804, U",eeb3a489-3f38-4af3-b13b-feb1aa000e34,1,MJ
"heat production, mixed logs, at wood heater 6kW, state-of-the-art 2014 | heat, central or small-scale, other than natural gas | EN15804, U",173bd6df-1a2f-47e9-8fdf-d8f5e13962f0,1,MJ
"heat and power co-generation, biogas, gas engine | heat, central or small-scale, other than natural gas | EN15804, U",4ffaa296-6cb2-45d1-85b1-ca73c1b6ecfb,1,MJ
"heat and power co-generation, biogas, gas engine | heat, central or small-scale, other than natural gas | EN15804, U",463cae17-f26b-42a3-b659-69e24accec2d,1,MJ
"heat production, mixed logs, at furnace 100kW, state-of-the-art 2014 | heat, central or small-scale, other than natural gas | EN15804, U",5d6049e7-f503-48d9-8c2a-d31dc2cb5030,1,MJ
"heat and power co-generation, biogas, gas engine | heat, central or small-scale, other than natural gas | EN15804, U",37268ed8-ae15-4bfb-a675-539e165c6336,1,MJ
"heat and power co-generation, biogas, gas engine | heat, central or small-scale, other than natural gas | EN15804, U",e5c4086e-88f8-4d10-bf8d-6b6cb8fbbaf6,1,MJ
"heat and power co-generation, biogas, gas engine | heat, central or small-scale, other than natural gas | EN15804, U",4e9ce3ad-f638-4288-955a-dfc2dd814b6c,1,MJ
"heat and power co-generation, biogas, gas engine | heat, central or small-scale, other than natural gas | EN15804, U",00db038c-bc95-4ab9-8d19-3afb6dad4bd4,1,MJ
"heat production, wood chips from industry, at furnace 50kW | heat, central or small-scale, other than natural gas | EN15804, U",6260becb-a067-422f-9b58-4d100f2c563d,1,MJ
"heat production, hardwood chips from forest, at furnace 50kW | heat, central or small-scale, other than natural gas | EN15804, U",a2c833df-f560-433b-b13d-802fa16cef6a,1,MJ
"heat production, hardwood chips from forest, at furnace 50kW | heat, central or small-scale, other than natural gas | EN15804, U",13f5c076-bb78-45db-b45f-55f4ef7ffcd9,1,MJ
"operation, solar collector system, evacuated tube collector, one-family house, for combined system | heat, central or small-scale, other than natural gas | EN15804, U",d7f6bff1-6809-44f6-b51e-e6a13207d41e,1,MJ
"heat and power co-generation, biogas, gas engine | heat, central or small-scale, other than natural gas | EN15804, U",043a7473-f059-4883-b9eb-3667622b47b1,1,MJ
"operation, solar collector system, Cu flat plate collector, one-family house, for combined system | heat, central or small-scale, other than natural gas | EN15804, U",82d28fff-7a1b-49c8-a68d-dce716cd5168,1,MJ
"treatment of wastewater from maize starch production, wastewater treatment | heat, central or small-scale, other than natural gas | EN15804, U",ee86acca-3bbe-4859-82e0-1b05659340cd,1,MJ
"heat and power co-generation, biogas, gas engine | heat, central or small-scale, other than natural gas | EN15804, U",271cbd51-5cfb-446f-b46a-bbde2390236d,1,MJ
"heat production, wood pellet, at furnace 300kW, state-of-the-art 2014 | heat, central or small-scale, other than natural gas | EN15804, U",01ed22a8-7009-4e73-acc2-b274cf4e2ec0,1,MJ
"heat production, mixed logs, at furnace 30kW, state-of-the-art 2014 | heat, central or small-scale, other than natural gas | EN15804, U",557f72fc-77bd-4d98-82c5-e5b32004c105,1,MJ
"heat and power co-generation, biogas, gas engine | heat, central or small-scale, other than natural gas | EN15804, U",c43aef6f-b236-469d-8515-a24251973a55,1,MJ
"heat production, hardwood chips from forest, at furnace 50kW, state-of-the-art 2014 | heat, central or small-scale, other than natural gas | EN15804, U",0e29981c-8056-4d3f-b1c3-173cd84b7960,1,MJ
"heat production, softwood chips from forest, at furnace 50kW | heat, central or small-scale, other than natural gas | EN15804, U",4c7a9fc4-ca58-4c88-a064-d46e6df8b1c5,1,MJ
"heat and power co-generation, biogas, gas engine | heat, central or small-scale, other than natural gas | EN15804, U",bc4dd3f8-a94a-48f6-aed8-02f0ba26aa11,1,MJ
"heat production, wood pellet, at furnace 25kW | heat, central or small-scale, other than natural gas | EN15804, U",08cbe8b0-3e46-4515-94fb-e3bf20616bc3,1,MJ
"heat and power co-generation, biogas, gas engine | heat, central or small-scale, other than natural gas | EN15804, U",19277336-c047-467a-b75a-573a2dbc18da,1,MJ
"heat and power co-generation, biogas, gas engine | heat, central or small-scale, other than natural gas | EN15804, U",d07f0f4b-4d89-42b0-841c-21f174154619,1,MJ
"operation, solar collector system, Cu flat plate collector, one-family house, for hot water | heat, central or small-scale, other than natural gas | EN15804, U",52c6be6b-5442-4d22-807d-e32f26331e07,1,MJ
"heat and power co-generation, biogas, gas engine | heat, central or small-scale, other than natural gas | EN15804, U",621a44d1-88b9-4690-9e31-126bff6e4d55,1,MJ
"heat production, mixed logs, at furnace 30kW, state-of-the-art 2014 | heat, central or small-scale, other than natural gas | EN15804, U",24cfe700-637d-49bf-b82e-800586735edb,1,MJ
"heat production, hard coal briquette, stove 5-15kW | heat, central or small-scale, other than natural gas | EN15804, U",2e1f161e-5b0b-4601-9f99-cf6f4b70ffec,1,MJ
"heat production, wood pellet, at furnace 9kW, state-of-the-art 2014 | heat, central or small-scale, other than natural gas | EN15804, U",e4144af1-d6f4-49d7-a112-536fd839b30d,1,MJ
"heat and power co-generation, biogas, gas engine | heat, central or small-scale, other than natural gas | EN15804, U",5f033c5e-46e0-409b-92f7-7d331adb4afe,1,MJ
"heat and power co-generation, biogas, gas engine | heat, central or small-scale, other than natural gas | EN15804, U",04193547-290d-4e90-b37d-8cdcb9c95f0d,1,MJ
"heat production, wood pellet, at furnace 9kW, state-of-the-art 2014 | heat, central or small-scale, other than natural gas | EN15804, U",0f2b3ec3-43df-4ae5-9d3c-7eadc5e6a4c4,1,MJ
"heat and power co-generation, biogas, gas engine, renewable energy products | heat, central or small-scale, other than natural gas | EN15804, U",f5c429b6-c4e1-4ae2-966b-0ebfbcebc8bd,1,MJ
"biomethane, low pressure burned in micro gas turbine 100kWe | heat, central or small-scale, other than natural gas | EN15804, U",10a0cb4c-bd47-4b83-9527-675dd17c294b,1,MJ
"heat and power co-generation, biogas, gas engine | heat, central or small-scale, other than natural gas | EN15804, U",5058a911-7728-40b2-95c2-e7a04d6eb11b,1,MJ
"heat production, mixed logs, at furnace 30kW | heat, central or small-scale, other than natural gas | EN15804, U",bb107e2c-0a62-4bf4-999d-11ea9cdeec28,1,MJ
"heat and power co-generation, biogas, gas engine | heat, central or small-scale, other than natural gas | EN15804, U",7cae1a2c-9430-4edd-802c-0300a3771012,1,MJ
"heat and power co-generation, biogas, gas engine | heat, central or small-scale, other than natural gas | EN15804, U",c425cc64-9e62-4a73-9de6-5e86d0fd2926,1,MJ
"heat production, wood pellet, at furnace 9kW | heat, central or small-scale, other than natural gas | EN15804, U",7a98b13a-7ddd-485b-8e58-82cd2086cd30,1,MJ
"heat production, mixed logs, at furnace 30kW | heat, central or small-scale, other than natural gas | EN15804, U",38b5c2d8-dc31-41b9-baa0-c83529eec832,1,MJ
"heat and power co-generation, biogas, gas engine | heat, central or small-scale, other than natural gas | EN15804, U",9cab5faf-531f-4f14-ab5a-45e0f1127faa,1,MJ
"heat and power co-generation, biogas, gas engine | heat, central or small-scale, other than natural gas | EN15804, U",0516e157-9126-4419-b14e-5ee7cca2ef06,1,MJ
"operation, solar collector system, Cu flat plate collector, multiple dwelling, for hot water | heat, central or small-scale, other than natural gas | EN15804, U",9ca53283-fcdc-4609-8877-c10b8ab9cd7b,1,MJ
"heat production, wood pellet, at furnace 9kW, state-of-the-art 2014 | heat, central or small-scale, other than natural gas | EN15804, U",7d19ce51-213c-4e9d-ab92-fc4af35da1a9,1,MJ
"heat production, wood pellet, at furnace 300kW | heat, central or small-scale, other than natural gas | EN15804, U",f13af7f1-ba31-46ff-aafa-352db6920294,1,MJ
"heat and power co-generation, biogas, gas engine | heat, central or small-scale, other than natural gas | EN15804, U",cb881a23-6897-4b87-b645-7b23afa145da,1,MJ
"heat and power co-generation, biogas, gas engine | heat, central or small-scale, other than natural gas | EN15804, U",9b1cda23-6d61-4dcb-a419-7e10a1d901e4,1,MJ
"heat production, wood pellet, at furnace 25kW, state-of-the-art 2014 | heat, central or small-scale, other than natural gas | EN15804, U",5ce8b668-c512-466e-b6c7-a9c7e94d96ff,1,MJ
"heat production, hardwood chips from forest, at furnace 50kW, state-of-the-art 2014 | heat, central or small-scale, other than natural gas | EN15804, U",27a1670a-6575-4097-8668-51d6b39725f0,1,MJ
"biomethane, low pressure burned in micro gas turbine 100kWe | heat, central or small-scale, other than natural gas | EN15804, U",ffea251f-31dc-4de5-b7e6-72d9d2e9103b,1,MJ
"heat and power co-generation, biogas, gas engine | heat, central or small-scale, other than natural gas | EN15804, U",8f5c197e-9ffd-4f6b-8d3a-c415ccd8ea06,1,MJ
"heat production, wood pellet, at furnace 300kW | heat, central or small-scale, other than natural gas | EN15804, U",87333dd1-3902-40f4-9bf1-72c5b73712c8,1,MJ
"heat and power co-generation, biogas, gas engine | heat, central or small-scale, other than natural gas | EN15804, U",3c5a6965-0a8c-45a3-b5f0-7f4c1b0efa8c,1,MJ
"heat production, wood pellet, at furnace 25kW, state-of-the-art 2014 | heat, central or small-scale, other than natural gas | EN15804, U",cf8c76b9-673f-4d45-a506-3ca7df54e5bd,1,MJ
"heat and power co-generation, biogas, gas engine | heat, central or small-scale, other than natural gas | EN15804, U",2390707d-5697-4da0-94e3-67a34c2c40cb,1,MJ
"heat and power co-generation, biogas, gas engine | heat, central or small-scale, other than natural gas | EN15804, U",ac1c7c0f-77a5-4806-b054-c7b505c4ba32,1,MJ
"heat and power co-generation, biogas, gas engine | heat, central or small-scale, other than natural gas | EN15804, U",605fccb0-ac54-4ac3-9d25-edb118b93cd2,1,MJ
"heat production, softwood chips from forest, at furnace 50kW, state-of-the-art 2014 | heat, central or small-scale, other than natural gas | EN15804, U",e0a36c8d-f12a-4b2a-9c92-6ec609aba133,1,MJ
"heat and power co-generation, biogas, gas engine | heat, central or small-scale, other than natural gas | EN15804, U",5fa0078c-45a6-40a6-abd2-f8ebb1e541c3,1,MJ
"heat and power co-generation, biogas, gas engine | heat, central or small-scale, other than natural gas | EN15804, U",cb9e8fdd-672f-4d8e-8fe9-d2426a9fa1b8,1,MJ
"heat and power co-generation, biogas, gas engine | heat, central or small-scale, other than natural gas | EN15804, U",8b947b6e-e7de-46dc-9aa9-7fc08d94fb77,1,MJ
"heat production, wood pellet, at furnace 300kW, state-of-the-art 2014 | heat, central or small-scale, other than natural gas | EN15804, U",25457970-298f-4d70-833d-bd7b8f5f99f0,1,MJ
"operation, solar collector system, Cu flat plate collector, multiple dwelling, for hot water | heat, central or small-scale, other than natural gas | EN15804, U",b8956dc0-2fde-478a-95c7-f43df1af634d,1,MJ
"heat production, wood pellet, at furnace 25kW | heat, central or small-scale, other than natural gas | EN15804, U",a018ef2a-d095-440a-9657-fdc726352aa0,1,MJ
"heat production, mixed logs, at furnace 100kW | heat, central or small-scale, other than natural gas | EN15804, U",21166c97-41b1-4803-9d84-7b76b8902242,1,MJ
"heat production, wood chips from industry, at furnace 50kW, state-of-the-art 2014 | heat, central or small-scale, other than natural gas | EN15804, U",30520f56-f443-45e4-9d99-f99ac84066c1,1,MJ
"heat production, wood chips from industry, at furnace 50kW | heat, central or small-scale, other than natural gas | EN15804, U",ac68bb9d-446a-48a1-a384-8af63b8465c5,1,MJ
"treatment of stalk, in wood heater 6kW | heat, central or small-scale, other than natural gas | EN15804, U",b3e94cf6-deff-4718-b52e-52e99b8a15ff,1,MJ
"operation, solar collector system, Cu flat plate collector, one-family house, for hot water | heat, central or small-scale, other than natural gas | EN15804, U",6f6c7f78-3433-4a98-9e11-1cd629dd86c6,1,MJ
"heat and power co-generation, biogas, gas engine | heat, central or small-scale, other than natural gas | EN15804, U",3ffb01e4-af76-4121-baf3-e0bba75dc025,1,MJ
"operation, solar collector system, Cu flat plate collector, one-family house, for combined system | heat, central or small-scale, other than natural gas | EN15804, U",5c62912d-4f36-4ace-b647-686560fb7552,1,MJ
"heat and power co-generation, biogas, gas engine | heat, central or small-scale, other than natural gas | EN15804, U",4130d25b-a1d2-4ebf-9729-3835d72ff911,1,MJ
"heat and power co-generation, biogas, gas engine | heat, central or small-scale, other than natural gas | EN15804, U",c03b6888-0792-4c33-a632-0f4d4cf93f3c,1,MJ
"heat and power co-generation, biogas, gas engine | heat, central or small-scale, other than natural gas | EN15804, U",d10f5d83-1327-4e52-bd3e-550b271f8d30,1,MJ
"heat and power co-generation, biogas, gas engine | heat, central or small-scale, other than natural gas | EN15804, U",a4e2c407-838f-4be3-97bf-80eeef76c848,1,MJ
"operation, solar collector system, evacuated tube collector, one-family house, for combined system | heat, central or small-scale, other than natural gas | EN15804, U",f6e2193f-8fb0-445d-80ce-026278fbb296,1,MJ
"heat production, softwood chips from forest, at furnace 50kW, state-of-the-art 2014 | heat, central or small-scale, other than natural gas | EN15804, U",6ff6ed0d-e606-4e3b-87c5-1003c14a3ba1,1,MJ
"operation, solar collector system, Cu flat plate collector, one-family house, for hot water | heat, central or small-scale, other than natural gas | EN15804, U",e6828937-cf8d-4297-b44b-28adedb0caf6,1,MJ
"treatment of wastewater from hard fibreboard production, wastewater treatment | heat, central or small-scale, other than natural gas | EN15804, U",a618c214-55a8-415b-8526-36fd3f985fa6,1,MJ
"heat and power co-generation, biogas, gas engine | heat, central or small-scale, other than natural gas | EN15804, U",bd38c6a2-f3a1-40f8-8fd1-f28cca6dee21,1,MJ
"heat and power co-generation, biogas, gas engine | heat, central or small-scale, other than natural gas | EN15804, U",6a790d01-e50e-466e-8516-db84dca0928d,1,MJ
"heat and power co-generation, biogas, gas engine | heat, central or small-scale, other than natural gas | EN15804, U",9ed82aab-c507-42ca-b551-4395b79af1a4,1,MJ
"heat and power co-generation, biogas, gas engine | heat, central or small-scale, other than natural gas | EN15804, U",bfb40d7d-21b2-453d-bd00-bbbc8aea9868,1,MJ
"heat production, mixed logs, at wood heater 6kW, state-of-the-art 2014 | heat, central or small-scale, other than natural gas | EN15804, U",007bc8f8-10c5-4167-adc6-c6536b2c5f2f,1,MJ
"heat and power co-generation, biogas, gas engine | heat, central or small-scale, other than natural gas | EN15804, U",e55312ad-1488-43d9-ba3e-321f58be4e27,1,MJ
"operation, solar collector system, evacuated tube collector, one-family house, for combined system | heat, central or small-scale, other than natural gas | EN15804, U",d0916b6b-bd5e-46a3-9424-faa358154d34,1,MJ
"heat production, mixed logs, at furnace 100kW | heat, central or small-scale, other than natural gas | EN15804, U",a91cda01-311a-48fe-adca-ee7c2e6dab3d,1,MJ
"heat and power co-generation, biogas, gas engine | heat, central or small-scale, other than natural gas | EN15804, U",4c3d8d22-874c-446b-884f-beaa9ea00917,1,MJ
"heat and power co-generation, biogas, gas engine | heat, central or small-scale, other than natural gas | EN15804, U",a633b56f-80fe-42e2-b6a8-9dcac5e6d5ec,1,MJ
"heat and power co-generation, wood chips, 6667 kW, state-of-the-art 2014 | heat, district or industrial, other than natural gas | EN15804, U",94fd154c-b13a-4c6a-a393-4729c1042270,1,MJ
"heat and power co-generation, wood chips, 6667 kW, state-of-the-art 2014 | heat, district or industrial, other than natural gas | EN15804, U",deaf7dbd-3f6e-47d5-9be5-8fbe866903e5,1,MJ
"sulfate pulp production, from softwood, bleached | heat, district or industrial, other than natural gas | EN15804, U",e6420aa4-707d-4cfa-a385-db21e9d9becf,1,MJ
"heat and power co-generation, wood chips, 6667 kW | heat, district or industrial, other than natural gas | EN15804, U",a51cbe12-02db-4a16-980a-7d05d9efa260,1,MJ
"heat and power co-generation, wood chips, 6667 kW, state-of-the-art 2014 | heat, district or industrial, other than natural gas | EN15804, U",c989d83f-8bcb-4b0f-96d0-7f92f92006ec,1,MJ
"heat and power co-generation, wood chips, 6667 kW, state-of-the-art 2014 | heat, district or industrial, other than natural gas | EN15804, U",d72507a4-d1f9-46d1-9155-e9d0aa400efc,1,MJ
"heat and power co-generation, wood chips, 6667 kW | heat, district or industrial, other than natural gas | EN15804, U",ab29a2bc-ce2f-46aa-9d45-0d8617558535,1,MJ
"heat and power co-generation, wood chips, 6667 kW, state-of-the-art 2014 | heat, district or industrial, other than natural gas | EN15804, U",d2ff7e20-74a5-4293-a9c2-29ea184bfd26,1,MJ
"heat and power co-generation, wood chips, 6667 kW | heat, district or industrial, other than natural gas | EN15804, U",06858211-91f1-412c-92f3-695f508f319d,1,MJ
"sulfate pulp production, from hardwood, bleached | heat, district or industrial, other than natural gas | EN15804, U",c48dcf34-db85-4b79-acf4-8ac6725f3a1f,1,MJ
"heat and power co-generation, wood chips, 2000 kW | heat, district or industrial, other than natural gas | EN15804, U",7ffef636-0abe-4be2-acf3-73eb5ad8952b,1,MJ
"heat and power co-generation, wood chips, 6667 kW, state-of-the-art 2014 | heat, district or industrial, other than natural gas | EN15804, U",3b81f69e-8b82-4510-83f3-7679dabe88cd,1,MJ
"heat production, wood chips from industry, at furnace 1000kW | heat, district or industrial, other than natural gas | EN15804, U",4485a9c6-7f57-4be7-87f0-530d6c1f55b1,1,MJ
"treatment of bagasse, from sweet sorghum, in heat and power co-generation unit, 6400kW thermal | heat, district or industrial, other than natural gas | EN15804, U",6b400395-f89e-41fd-ab69-deda93623c03,1,MJ
"heat and power co-generation, wood chips, 6667 kW | heat, district or industrial, other than natural gas | EN15804, U",b2131cd2-5cf1-467e-b9cf-0d062c0be53d,1,MJ
"heat production, wood chips from industry, at furnace 300kW, state-of-the-art 2014 | heat, district or industrial, other than natural gas | EN15804, U",0b9261ae-e2e3-43ea-b461-4c547347890b,1,MJ
"heat and power co-generation, wood chips, 6667 kW, state-of-the-art 2014 | heat, district or industrial, other than natural gas | EN15804, U",9072fa5b-f644-47c9-a12f-5cb5eca79ee8,1,MJ
"heat production, untreated waste wood, at furnace 1000-5000 kW, state-of-the-art 2014 | heat, district or industrial, other than natural gas | EN15804, U",960a2ac7-7cb9-40c5-a2d2-660ddde1ff56,1,MJ
"treatment of bagasse, from sugarcane, in heat and power co-generation unit, 6400kW thermal | heat, district or industrial, other than natural gas | EN15804, U",146d35e5-02e4-4ad9-b462-eef2c7348501,1,MJ
"heat and power co-generation, wood chips, 6667 kW, state-of-the-art 2014 | heat, district or industrial, other than natural gas | EN15804, U",51d233bf-be95-4fca-9b79-29f0f4fd904b,1,MJ
"heat and power co-generation, wood chips, 6667 kW | heat, district or industrial, other than natural gas | EN15804, U",cf5b38d6-a12e-48bf-a471-d737b0c7ecf5,1,MJ
"heat and power co-generation, wood chips, 6667 kW, state-of-the-art 2014 | heat, district or industrial, other than natural gas | EN15804, U",d3d247cb-694a-4377-84c1-656fd2b40a0c,1,MJ
"heat and power co-generation, wood chips, 6667 kW, state-of-the-art 2014 | heat, district or industrial, other than natural gas | EN15804, U",ffa3294e-3c63-451e-b2ab-d970e76384d1,1,MJ
"heat and power co-generation, wood chips, 6667 kW, state-of-the-art 2014 | heat, district or industrial, other than natural gas | EN15804, U",9c216f26-c350-42aa-8c4e-2b9c62f79a7e,1,MJ
"heat production, wood chips from industry, at furnace 300kW, state-of-the-art 2014 | heat, district or industrial, other than natural gas | EN15804, U",773b96ee-3490-4e34-a69f-75fd5c0d4660,1,MJ
"heat and power co-generation, wood chips, 6667 kW, state-of-the-art 2014 | heat, district or industrial, other than natural gas | EN15804, U",aaf4cb88-4f1c-45df-be07-31822f0f4c39,1,MJ
"heat production, hardwood chips from forest, at furnace 1000kW, state-of-the-art 2014 | heat, district or industrial, other than natural gas | EN15804, U",16502ba0-f270-46f0-b2f5-8f69b54f7df4,1,MJ
"heat production, wood chips from industry, at furnace 1000kW | heat, district or industrial, other than natural gas | EN15804, U",b0af6b61-a367-4a25-9789-9505dfa3e605,1,MJ
"treatment of bagasse, from sugarcane, in heat and power co-generation unit, 6400kW thermal | heat, district or industrial, other than natural gas | EN15804, U",9a81ba46-d0b1-4d5a-af21-79fbbbd012cf,1,MJ
"heat and power co-generation, wood chips, 6667 kW | heat, district or industrial, other than natural gas | EN15804, U",29d94920-3304-4e77-bd25-8e7643db68fa,1,MJ
"heat production, untreated waste wood, at furnace 1000-5000 kW | heat, district or industrial, other than natural gas | EN15804, U",ddd1b33b-6612-4b46-a390-b9aa035354ff,1,MJ
"heat and power co-generation, wood chips, 6667 kW, state-of-the-art 2014 | heat, district or industrial, other than natural gas | EN15804, U",303223d2-a627-42b6-935b-a1f4d3f8a4b5,1,MJ
"heat and power co-generation, wood chips, 6667 kW | heat, district or industrial, other than natural gas | EN15804, U",ccff90ac-3f52-45d8-a3d8-5a8bc7db2cbd,1,MJ
"heat and power co-generation, wood chips, 6667 kW, state-of-the-art 2014 | heat, district or industrial, other than natural gas | EN15804, U",239e6bd9-6d80-43b7-98b5-6d32e7948212,1,MJ
"heat production, hardwood chips from forest, at furnace 1000kW, state-of-the-art 2014 | heat, district or industrial, other than natural gas | EN15804, U",56900087-59f9-47d5-9663-96e126e77c54,1,MJ
"heat and power co-generation, wood chips, 6667 kW | heat, district or industrial, other than natural gas | EN15804, U",607ca75c-d80f-45fe-903f-73a893e04796,1,MJ
"heat production, wood chips from industry, at furnace 1000kW, state-of-the-art 2014 | heat, district or industrial, other than natural gas | EN15804, U",4d3cadda-3d4e-463f-810e-af155f5e0ead,1,MJ
"heat and power co-generation, wood chips, 6667 kW | heat, district or industrial, other than natural gas | EN15804, U",240872e3-1a78-449a-8166-e1e007ba2242,1,MJ
"heat production, softwood chips from forest, at furnace 300kW, state-of-the-art 2014 | heat, district or industrial, other than natural gas | EN15804, U",851bfc72-f29c-447e-946b-c4e0f150d1be,1,MJ
"heat production, hardwood chips from forest, at furnace 300kW, state-of-the-art 2014 | heat, district or industrial, other than natural gas | EN15804, U",80a3a55d-144c-4c35-8f1b-8b1445b0248e,1,MJ
"treatment of bagasse, from sugarcane, in heat and power co-generation unit, 6400kW thermal | heat, district or industrial, other than natural gas | EN15804, U",1c5d653e-8e3f-4d89-94ac-a17efe0dc650,1,MJ
"heat and power co-generation, wood chips, 6667 kW, state-of-the-art 2014, renewable energy products | heat, district or industrial, other than natural gas | EN15804, U",2a78213a-7b45-4da8-ae21-db6c13ec538f,1,MJ
"heat and power co-generation, wood chips, 6667 kW, state-of-the-art 2014 | heat, district or industrial, other than natural gas | EN15804, U",5beabd1f-acbf-4ef9-9392-b4f58c7cba9c,1,MJ
"heat production, wood chips from industry, at furnace 1000kW, state-of-the-art 2014 | heat, district or industrial, other than natural gas | EN15804, U",3b55e7e7-e3a6-4e71-920a-cf0f693359fe,1,MJ
"heat and power co-generation, wood chips, 6667 kW | heat, district or industrial, other than natural gas | EN15804, U",82e0879d-b488-4a65-b6af-8629043e8564,1,MJ
"heat production, hardwood chips from forest, at furnace 300kW | heat, district or industrial, other than natural gas | EN15804, U",5ca28234-c840-4a94-9550-cacdeede060e,1,MJ
"heat production, wood chips from industry, at furnace 300kW | heat, district or industrial, other than natural gas | EN15804, U",8cff59af-5757-4fee-9af4-e3d4c9e97657,1,MJ
"heat production, hardwood chips from forest, at furnace 5000kW | heat, district or industrial, other than natural gas | EN15804, U",511254f2-38da-4a54-81dd-4af32b4f89a4,1,MJ
"heat production, straw, organic, at furnace 300kW | heat, district or industrial, other than natural gas | EN15804, U",fb5ca7bf-c4c5-4b7a-9cc3-becccbe75c4d,1,MJ
"heat production, hardwood chips from forest, at furnace 300kW | heat, district or industrial, other than natural gas | EN15804, U",2b76178a-468e-48c4-9103-52468a34760d,1,MJ
"heat production, softwood chips from forest, at furnace 5000kW | heat, district or industrial, other than natural gas | EN15804, U",63462034-e07c-4b76-86bd-be71b397ff73,1,MJ
"heat production, softwood chips from forest, at furnace 300kW | heat, district or industrial, other than natural gas | EN15804, U",633d3e38-e50e-4f6b-8845-4c3432f374aa,1,MJ
"heat and power co-generation, wood chips, 6667 kW | heat, district or industrial, other than natural gas | EN15804, U",1f5ed2f8-b93d-4ea9-9124-792d746a8dab,1,MJ
"heat and power co-generation, wood chips, 6667 kW, state-of-the-art 2014 | heat, district or industrial, other than natural gas | EN15804, U",ce5049af-9dc3-4a28-81da-a6011eed93d9,1,MJ
"heat and power co-generation, wood chips, 6667 kW | heat, district or industrial, other than natural gas | EN15804, U",3823ede7-0bc9-4a70-adc3-f0f33ffa3d72,1,MJ
"heat production, softwood chips from forest, at furnace 5000kW, state-of-the-art 2014 | heat, district or industrial, other than natural gas | EN15804, U",c6e63020-9ef7-4d1c-8d30-95063a343bf7,1,MJ
"heat and power co-generation, wood chips, 6667 kW | heat, district or industrial, other than natural gas | EN15804, U",7e82a253-9279-41a9-aa5f-37f3a36c6601,1,MJ
"heat and power co-generation, wood chips, 6667 kW | heat, district or industrial, other than natural gas | EN15804, U",582bab9b-bf73-4382-964b-fa60464d722f,1,MJ
"heat and power co-generation, wood chips, 6667 kW, state-of-the-art 2014 | heat, district or industrial, other than natural gas | EN15804, U",6e1972a3-7af6-4acc-b2d2-571fff8d19df,1,MJ
"heat and power co-generation, wood chips, 6667 kW, state-of-the-art 2014 | heat, district or industrial, other than natural gas | EN15804, U",68ac241a-12d2-41c7-b76b-fc8047fd75e5,1,MJ
"heat and power co-generation, wood chips, 6667 kW | heat, district or industrial, other than natural gas | EN15804, U",93d6a801-7aa5-46c9-bf2b-7e59b57c465c,1,MJ
"heat production, softwood chips from forest, at furnace 5000kW, state-of-the-art 2014 | heat, district or industrial, other than natural gas | EN15804, U",54d267fc-957c-44a2-8488-ca808db2c9aa,1,MJ
"heat and power co-generation, wood chips, 6667 kW, state-of-the-art 2014 | heat, district or industrial, other than natural gas | EN15804, U",69062d8c-b234-4b27-968f-b03b115d5474,1,MJ
"heat and power co-generation, wood chips, 6667 kW, state-of-the-art 2014 | heat, district or industrial, other than natural gas | EN15804, U",59d170e1-3e98-4f49-8786-1291e52c9d7e,1,MJ
"heat production, hardwood chips from forest, at furnace 5000kW, state-of-the-art 2014 | heat, district or industrial, other than natural gas | EN15804, U",c6a51e5a-251e-4b4d-8d0a-058ec441bf7d,1,MJ
"heat and power co-generation, wood chips, 6667 kW, state-of-the-art 2014 | heat, district or industrial, other than natural gas | EN15804, U",2c90073b-e0d6-47d3-a83e-8919cc7fae6c,1,MJ
"heat production, hardwood chips from forest, at furnace 1000kW | heat, district or industrial, other than natural gas | EN15804, U",611c54c9-5e40-43aa-9e6d-01ba329a81fd,1,MJ
"heat and power co-generation, wood chips, 6667 kW, state-of-the-art 2014 | heat, district or industrial, other than natural gas | EN15804, U",03ace243-892b-44b6-95d8-772af0d9b022,1,MJ
"heat and power co-generation, wood chips, 6667 kW, state-of-the-art 2014 | heat, district or industrial, other than natural gas | EN15804, U",90224a85-5381-449c-a1fe-0bab120dc96d,1,MJ
"heat and power co-generation, wood chips, 6667 kW, state-of-the-art 2014 | heat, district or industrial, other than natural gas | EN15804, U",1a5856dd-a8fe-4d3e-b13c-47251012c391,1,MJ
"heat and power co-generation, wood chips, 6667 kW | heat, district or industrial, other than natural gas | EN15804, U",f3d0cd97-aefa-430f-b917-ebe3e0a8eb86,1,MJ
"heat and power co-generation, wood chips, 6667 kW, state-of-the-art 2014 | heat, district or industrial, other than natural gas | EN15804, U",39d9126c-0efd-48ff-b858-451ac9e81a96,1,MJ
"heat and power co-generation, wood chips, 6667 kW, state-of-the-art 2014 | heat, district or industrial, other than natural gas | EN15804, U",8f09f789-5fdf-4c5c-8f9d-462fc474c171,1,MJ
"heat and power co-generation, wood chips, 6667 kW, state-of-the-art 2014 | heat, district or industrial, other than natural gas | EN15804, U",a71390ab-3c1b-49d4-910a-3331e073a04d,1,MJ
"heat and power co-generation, wood chips, 6667 kW, state-of-the-art 2014 | heat, district or industrial, other than natural gas | EN15804, U",1a8015c6-c9ec-465f-ad4d-d2c3dba51703,1,MJ
"heat production, wood chips from industry, at furnace 300kW | heat, district or industrial, other than natural gas | EN15804, U",f7632b17-c451-45f1-824f-f1872eb24660,1,MJ
"heat production, hardwood chips from forest, at furnace 5000kW | heat, district or industrial, other than natural gas | EN15804, U",9ff7b9cd-5a5e-4540-9c8c-e76b3f8f94a2,1,MJ
"heat and power co-generation, wood chips, 6667 kW | heat, district or industrial, other than natural gas | EN15804, U",82a47669-8d23-4039-a511-daaffa27f9b7,1,MJ
"treatment of bagasse, from sugarcane, in heat and power co-generation unit, 6400kW thermal | heat, district or industrial, other than natural gas | EN15804, U",c356ebdb-a741-41ab-9b19-f295b351cf4d,1,MJ
"heat production, straw, organic, at furnace 300kW | heat, district or industrial, other than natural gas | EN15804, U",049cdf55-0d41-48b8-aec7-81786c954ab7,1,MJ
"heat production, hardwood chips from forest, at furnace 300kW, state-of-the-art 2014 | heat, district or industrial, other than natural gas | EN15804, U",1b8c7f66-0bd4-494c-b518-9e01fa2aa358,1,MJ
"heat production, straw, at furnace 300kW | heat, district or industrial, other than natural gas | EN15804, U",7c5753d2-1a78-46b4-bc34-2fcebdada2ee,1,MJ
"heat and power co-generation, wood chips, 6667 kW, state-of-the-art 2014 | heat, district or industrial, other than natural gas | EN15804, U",16610c1e-af72-4b80-8034-c363fec8f69e,1,MJ
"heat production, softwood chips from forest, at furnace 5000kW | heat, district or industrial, other than natural gas | EN15804, U",09a9ea63-7cc1-475f-8780-1167348c932c,1,MJ
"heat and power co-generation, wood chips, 6667 kW | heat, district or industrial, other than natural gas | EN15804, U",1153b6b9-9988-49fa-a0d1-71d3f1694987,1,MJ
"treatment of waste packaging paper, sanitary landfill | heat, district or industrial, other than natural gas | EN15804, U",85a90249-464c-4a47-a7d4-d1d9258a5c67,1,MJ
"heat production, softwood chips from forest, at furnace 300kW | heat, district or industrial, other than natural gas | EN15804, U",ddcdc79c-713c-4b67-aaff-9078a7d26a9d,1,MJ
"heat and power co-generation, wood chips, 6667 kW, state-of-the-art 2014 | heat, district or industrial, other than natural gas | EN15804, U",59f36f54-defb-4440-bb45-c254233719a6,1,MJ
"heat and power co-generation, wood chips, 6667 kW, state-of-the-art 2014 | heat, district or industrial, other than natural gas | EN15804, U",3faf591d-b987-4d20-a95e-355014e1342e,1,MJ
"treatment of bagasse, from sugarcane, in heat and power co-generation unit, 6400kW thermal | heat, district or industrial, other than natural gas | EN15804, U",b058ad75-ee6c-4b00-aa49-1f8e6b85432a,1,MJ
"heat and power co-generation, wood chips, 6667 kW, state-of-the-art 2014 | heat, district or industrial, other than natural gas | EN15804, U",754192be-1974-4559-a050-29230830d44e,1,MJ
"sulfate pulp production, from softwood, unbleached | heat, district or industrial, other than natural gas | EN15804, U",05b96813-a782-4b4f-9007-b8ab15e1554d,1,MJ
"heat and power co-generation, wood chips, 6667 kW, state-of-the-art 2014 | heat, district or industrial, other than natural gas | EN15804, U",a0e2b77b-d114-40ad-bfb3-4efa383daf73,1,MJ
"heat and power co-generation, wood chips, 6667 kW, state-of-the-art 2014 | heat, district or industrial, other than natural gas | EN15804, U",d56b4ed0-516f-4ede-b0e4-0c8a1fac922c,1,MJ
"heat and power co-generation, wood chips, 6667 kW | heat, district or industrial, other than natural gas | EN15804, U",ca94e192-a667-42d7-8fdf-7f3f3aaae135,1,MJ
"heat and power co-generation, wood chips, 6667 kW | heat, district or industrial, other than natural gas | EN15804, U",03b03a2c-d08b-4988-ae03-d50356302923,1,MJ
"heat and power co-generation, wood chips, 6667 kW | heat, district or industrial, other than natural gas | EN15804, U",1205aa87-90b3-4892-a897-43048f388374,1,MJ
"heat and power co-generation, wood chips, 6667 kW, state-of-the-art 2014 | heat, district or industrial, other than natural gas | EN15804, U",eb1ec231-de69-44be-ae76-bd9b873a6ef3,1,MJ
"treatment of bagasse, from sugarcane, in heat and power co-generation unit, 6400kW thermal | heat, district or industrial, other than natural gas | EN15804, U",ed4eab2a-c29c-4414-909e-8c4555f1d734,1,MJ
"treatment of bagasse, from sugarcane, in heat and power co-generation unit, 6400kW thermal | heat, district or industrial, other than natural gas | EN15804, U",0ae69329-3c71-4b40-9ddd-6ea001ae0fde,1,MJ
"heat and power co-generation, wood chips, 6667 kW | heat, district or industrial, other than natural gas | EN15804, U",d52b1934-9d34-420d-ad3b-fc8dce7a8498,1,MJ
"heat production, wood chips from industry, at furnace 5000kW, state-of-the-art 2014 | heat, district or industrial, other than natural gas | EN15804, U",d8e48727-e09f-4351-8b17-415a302f1bb2,1,MJ
"heat and power co-generation, wood chips, 6667 kW, state-of-the-art 2014 | heat, district or industrial, other than natural gas | EN15804, U",ea4c3006-c2ac-4587-904f-9ebe9c085f89,1,MJ
"heat and power co-generation, wood chips, 6667 kW, state-of-the-art 2014 | heat, district or industrial, other than natural gas | EN15804, U",9fba11d4-ba8c-4a9d-9b36-20e0c0ea6832,1,MJ
"heat and power co-generation, wood chips, 6667 kW, state-of-the-art 2014 | heat, district or industrial, other than natural gas | EN15804, U",7be19719-72ca-4e4d-9001-ad2b2db50d1a,1,MJ
"heat and power co-generation, wood chips, 6667 kW | heat, district or industrial, other than natural gas | EN15804, U",44487a7c-4227-44b8-a2e9-0943f2725f3c,1,MJ
"heat and power co-generation, wood chips, 6667 kW | heat, district or industrial, other than natural gas | EN15804, U",1befe748-8bf2-4e9c-9ddd-292cbdb9f57e,1,MJ
"heat and power co-generation, wood chips, 6667 kW | heat, district or industrial, other than natural gas | EN15804, U",1095eb72-abfc-4b41-b12f-819cd1bb6b09,1,MJ
"heat and power co-generation, wood chips, 6667 kW | heat, district or industrial, other than natural gas | EN15804, U",3ff0c776-abf4-4cd7-b141-794b07fc22e2,1,MJ
"heat and power co-generation, wood chips, 6667 kW, state-of-the-art 2014 | heat, district or industrial, other than natural gas | EN15804, U",bde8a63d-5bad-4e23-bef3-5741bbb39094,1,MJ
"heat production, wood chips from industry, at furnace 5000kW | heat, district or industrial, other than natural gas | EN15804, U",058e85c9-0bfe-4b80-b77c-d197bef067db,1,MJ
"heat and power co-generation, wood chips, 6667 kW | heat, district or industrial, other than natural gas | EN15804, U",1a638233-4849-44b9-801a-8cd1ba277085,1,MJ
"heat and power co-generation, wood chips, 6667 kW, state-of-the-art 2014 | heat, district or industrial, other than natural gas | EN15804, U",c37f6e8a-b71f-4da1-836e-10691b77e03e,1,MJ
"heat production, wood chips from industry, at furnace 5000kW, state-of-the-art 2014 | heat, district or industrial, other than natural gas | EN15804, U",0a261ff8-fb67-456d-b36a-0f859de968d9,1,MJ
"heat and power co-generation, wood chips, 6667 kW, state-of-the-art 2014 | heat, district or industrial, other than natural gas | EN15804, U",2c6d28fc-cc0b-4188-8966-b00071780598,1,MJ
"heat and power co-generation, wood chips, 6667 kW | heat, district or industrial, other than natural gas | EN15804, U",d3d10c9f-38bd-4f16-a93e-db95010c350d,1,MJ
"heat and power co-generation, wood chips, 6667 kW | heat, district or industrial, other than natural gas | EN15804, U",b390f467-1478-4bdc-9ebd-3cb33d4c2832,1,MJ
"heat and power co-generation, wood chips, 6667 kW, state-of-the-art 2014 | heat, district or industrial, other than natural gas | EN15804, U",ca0228d7-37af-4de9-8d9d-20b90e32cef1,1,MJ
"heat and power co-generation, wood chips, 6667 kW, state-of-the-art 2014 | heat, district or industrial, other than natural gas | EN15804, U",9bfa7695-aa27-473c-a5b6-b51fd5774372,1,MJ
"heat and power co-generation, wood chips, 6667 kW, state-of-the-art 2014 | heat, district or industrial, other than natural gas | EN15804, U",cba12328-160b-4028-8559-c61284bbaa41,1,MJ
"heat and power co-generation, wood chips, 6667 kW, state-of-the-art 2014 | heat, district or industrial, other than natural gas | EN15804, U",79d05396-539f-4099-a497-f87b8b702c56,1,MJ
"heat production, straw, at furnace 300kW | heat, district or industrial, other than natural gas | EN15804, U",30c0ad2b-2c7e-4624-9323-6a4fdca8a48a,1,MJ
"heat production, hardwood chips from forest, at furnace 5000kW, state-of-the-art 2014 | heat, district or industrial, other than natural gas | EN15804, U",539fcea8-713e-407b-846c-48d9b6d8f802,1,MJ
"heat production, hardwood chips from forest, at furnace 1000kW | heat, district or industrial, other than natural gas | EN15804, U",3504f732-76af-4294-9011-450ec2028f9f,1,MJ
"heat and power co-generation, wood chips, 6667 kW, state-of-the-art 2014 | heat, district or industrial, other than natural gas | EN15804, U",bfb3e763-9b1a-4657-9d60-848e18f18210,1,MJ
"heat and power co-generation, wood chips, 6667 kW | heat, district or industrial, other than natural gas | EN15804, U",5a6095cf-ac52-47a8-bbac-647153ae374e,1,MJ
"treatment of bagasse, from sugarcane, in heat and power co-generation unit, 6400kW thermal | heat, district or industrial, other than natural gas | EN15804, U",91e11b51-d6c2-4ba6-8868-d43c55b529c9,1,MJ
"heat and power co-generation, wood chips, 6667 kW | heat, district or industrial, other than natural gas | EN15804, U",3908868b-4c47-4795-a0a8-d7136b287057,1,MJ
"heat and power co-generation, wood chips, 6667 kW, state-of-the-art 2014 | heat, district or industrial, other than natural gas | EN15804, U",173e0100-23c5-4c0d-a89b-fe895039ffd4,1,MJ
"heat and power co-generation, wood chips, 6667 kW | heat, district or industrial, other than natural gas | EN15804, U",44b77d10-4908-4512-a077-be73ed352e2f,1,MJ
"heat and power co-generation, wood chips, 6667 kW | heat, district or industrial, other than natural gas | EN15804, U",ea7cca05-22c5-4403-9285-b242591d1b7b,1,MJ
"heat and power co-generation, wood chips, 6667 kW | heat, district or industrial, other than natural gas | EN15804, U",1a881684-692a-408e-a55d-b21602fb8b94,1,MJ
"treatment of bagasse, from sugarcane, in heat and power co-generation unit, 6400kW thermal | heat, district or industrial, other than natural gas | EN15804, U",bd565bd4-4b06-4b6b-8ff2-d6c251b66a59,1,MJ
"heat and power co-generation, wood chips, 6667 kW | heat, district or industrial, other than natural gas | EN15804, U",8df0a25b-cf23-4769-86f9-1837d4f09aa9,1,MJ
"heat and power co-generation, wood chips, 6667 kW, state-of-the-art 2014 | heat, district or industrial, other than natural gas | EN15804, U",f4ea31a1-3926-4f11-9e2b-d2c4736634a3,1,MJ
"heat and power co-generation, wood chips, 6667 kW | heat, district or industrial, other than natural gas | EN15804, U",e4cfa31c-5219-427c-8f9b-7202aa7da499,1,MJ
"heat production, wood chips from industry, at furnace 5000kW | heat, district or industrial, other than natural gas | EN15804, U",2f6b1f1b-ab72-4149-84b6-532186aeeae1,1,MJ
"heat production, softwood chips from forest, at furnace 1000kW | heat, district or industrial, other than natural gas | EN15804, U",1a572a11-6aa1-450b-b90a-d851b07a51ae,1,MJ
"heat production, softwood chips from forest, at furnace 1000kW, state-of-the-art 2014 | heat, district or industrial, other than natural gas | EN15804, U",8d9e1c19-3a75-4c80-896d-3d1dad95b494,1,MJ
"heat production, softwood chips from forest, at furnace 1000kW, state-of-the-art 2014 | heat, district or industrial, other than natural gas | EN15804, U",209d3e35-41d6-4116-91c5-9ddc83ac12c2,1,MJ
"heat and power co-generation, wood chips, 6667 kW, state-of-the-art 2014 | heat, district or industrial, other than natural gas | EN15804, U",9dab247f-cce2-41e8-8c9b-e126a8a28cad,1,MJ
"heat production, untreated waste wood, at furnace 1000-5000 kW, state-of-the-art 2014 | heat, district or industrial, other than natural gas | EN15804, U",c29f5d00-20b1-4974-873e-0b17bc24b729,1,MJ
"heat and power co-generation, wood chips, 6667 kW | heat, district or industrial, other than natural gas | EN15804, U",cc87b9f8-9fa1-4a31-a975-dbae8bf096c0,1,MJ
"heat production, wood chips from post-consumer wood, at furnace 300kW | heat, district or industrial, other than natural gas | EN15804, U",2e4a5f62-2b8b-46a1-9012-66b64b85889b,1,MJ
"heat production, softwood chips from forest, at furnace 300kW, state-of-the-art 2014 | heat, district or industrial, other than natural gas | EN15804, U",7ae9036f-430d-43de-ad3d-28d8a419daa9,1,MJ
"heat and power co-generation, wood chips, 6667 kW, state-of-the-art 2014 | heat, district or industrial, other than natural gas | EN15804, U",0494654f-144c-4559-9486-94c0e69cb25a,1,MJ
"heat and power co-generation, wood chips, 2000 kW, state-of-the-art 2014 | heat, district or industrial, other than natural gas | EN15804, U",bb9e6bb7-0baa-4757-af15-9afc5cc44d72,1,MJ
"heat and power co-generation, wood chips, 6667 kW | heat, district or industrial, other than natural gas | EN15804, U",3eefa6b0-4e94-4d35-82e2-ba2cc4fe60a6,1,MJ
"heat and power co-generation, wood chips, 6667 kW | heat, district or industrial, other than natural gas | EN15804, U",80cb78f2-faf1-43b2-a5d8-49a64bb6efdd,1,MJ
"heat production, untreated waste wood, at furnace 1000-5000 kW | heat, district or industrial, other than natural gas | EN15804, U",c3bb9f5f-39ee-4754-a9a7-d3cf8fb2c4e0,1,MJ
"heat production, softwood chips from forest, at furnace 1000kW | heat, district or industrial, other than natural gas | EN15804, U",5117be6e-5e59-42d3-b416-57b98ff30f49,1,MJ
"heat and power co-generation, wood chips, 6667 kW, state-of-the-art 2014 | heat, district or industrial, other than natural gas | EN15804, U",1dd58e59-0d42-4f51-b1a7-24761426f9c2,1,MJ
"heat and power co-generation, wood chips, 6667 kW, state-of-the-art 2014 | heat, district or industrial, other than natural gas | EN15804, U",be51975b-bc3b-4d96-81ff-a08957ae9493,1,MJ
"heat production, wood chips from post-consumer wood, at furnace 300kW | heat, district or industrial, other than natural gas | EN15804, U",c0f47af9-ae96-4962-b2b2-07e3f468140b,1,MJ
"heat production, biomethane, at boiler condensing modulating <100kW | heat, central or small-scale, biomethane | EN15804, U",c6c640a0-ef57-4cdf-8103-8be185c29997,1,MJ
"market for heat, central or small-scale, biomethane | heat, central or small-scale, biomethane | EN15804, U",895bc916-7566-4458-8184-9783702b492b,1,MJ
"heat production, biomethane, at boiler condensing modulating <100kW | heat, central or small-scale, biomethane | EN15804, U",a2c83c77-c885-438c-ba21-bdb1feee10ed,1,MJ
"heat production, biomethane, at boiler condensing modulating <100kW | heat, central or small-scale, biomethane | EN15804, U",e5cfcd07-acc4-487d-ad08-aaad332f5004,1,MJ
"market for heat, central or small-scale, biomethane | heat, central or small-scale, biomethane | EN15804, U",001278d9-ffc0-43bc-9971-92c8d80e9b6e,1,MJ
"market group for heat, central or small-scale, biomethane | heat, central or small-scale, biomethane | EN15804, U",75e22f47-af0c-476a-971a-798b57d991c7,1,MJ
"market for heat, central or small-scale, biomethane | heat, central or small-scale, biomethane | EN15804, U",260c8405-5379-483b-bc37-e25159327623,1,MJ
"market group for heat, central or small-scale, biomethane | heat, central or small-scale, biomethane | EN15804, U",70af77d5-6a1f-4a16-89e9-dd47fdd53aea,1,MJ
"wood pellets, burned in stirling heat and power co-generation unit, 3kW electrical, future | heat, future | EN15804, U",628cc6b9-cb1e-4ade-94ba-641a28080876,1,MJ
"biomethane, low pressure burned in polymer electrolyte membrane fuel cell 2kWe, future | heat, future | EN15804, U",873e9f1d-db14-4417-abd2-41322cf3542f,1,MJ
"biomethane, low pressure burned in polymer electrolyte membrane fuel cell 2kWe, future | heat, future | EN15804, U",02f6a029-6e7a-452c-9fea-618fb320e74b,1,MJ
"biomethane, low pressure burned in solid oxide fuel cell, with micro gas turbine, 180kWe, future | heat, future | EN15804, U",516765e2-b521-46b8-bd21-edc04029d09c,1,MJ
"biomethane, low pressure burned in solid oxide fuel cell 125kWe, future | heat, future | EN15804, U",1b05c135-c44d-494b-a2cd-ba56b7565f13,1,MJ
"biomethane, low pressure burned in solid oxide fuel cell, with micro gas turbine, 180kWe, future | heat, future | EN15804, U",919c755e-50d0-4d65-80c2-36099f96b641,1,MJ
"biomethane, low pressure burned in solid oxide fuel cell 125kWe, future | heat, future | EN15804, U",1dd969e1-2601-45b2-8aa9-b291755318d5,1,MJ
"sulfate pulp production, from softwood, bleached | bark chips, wet, measured as dry mass | EN15804, U",25cad839-cada-4218-befd-f68cadda7093,1,kg
"bark chips production, softwood, at sawmill | bark chips, wet, measured as dry mass | EN15804, U",2353bc13-a3fe-4b33-a71d-afc04c9fcf57,1,kg
"market for bark chips, wet, measured as dry mass | bark chips, wet, measured as dry mass | EN15804, U",4d3ae591-eca3-4754-8007-f3d5b494fca5,1,kg
"folding boxboard carton production | bark chips, wet, measured as dry mass | EN15804, U",684de428-3d7b-43ad-8eba-2e23a69d14db,1,kg
"oriented strand board production | bark chips, wet, measured as dry mass | EN15804, U",2fe11f21-4c30-4810-8030-29e067e66c48,1,kg
"bark chips production, hardwood, at sawmill | bark chips, wet, measured as dry mass | EN15804, U",be912ab0-6b82-4479-8df6-a76cb8eb8511,1,kg
"kraft paper production | bark chips, wet, measured as dry mass | EN15804, U",a9411b1e-78f3-4346-9486-655b204022bf,1,kg
"bark chips production, softwood, at sawmill | bark chips, wet, measured as dry mass | EN15804, U",7e52b023-80f9-40bc-a294-29759b12fea6,1,kg
"fibreboard production, soft, from wet & dry processes | bark chips, wet, measured as dry mass | EN15804, U",9d178b27-7777-4e29-96b7-d472ed501eed,1,kg
"bark chips production, softwood, at sawmill | bark chips, wet, measured as dry mass | EN15804, U",e2e66f90-6698-44d0-87e2-46d4468ca6b8,1,kg
"sulfate pulp production, from softwood, unbleached | bark chips, wet, measured as dry mass | EN15804, U",20c54e1d-433c-4cb4-81df-8f2b7b70e94f,1,kg
"bark chips production, hardwood, at sawmill | bark chips, wet, measured as dry mass | EN15804, U",57c45e75-a951-4323-8114-cb681515f6ee,1,kg
"market for bark chips, wet, measured as dry mass | bark chips, wet, measured as dry mass | EN15804, U",9b328fe4-458a-4a0d-8b81-51be997919e9,1,kg
"fibreboard production, hard | bark chips, wet, measured as dry mass | EN15804, U",325b853e-0e61-4f52-a85d-7149337d6d18,1,kg
"oriented strand board production | bark chips, wet, measured as dry mass | EN15804, U",5e79ebfc-883f-4034-b7e9-e97ec9be977a,1,kg
"fibreboard production, hard | bark chips, wet, measured as dry mass | EN15804, U",7b8a085c-adff-43df-bba5-ec3659a03714,1,kg
"bark chips production, softwood, at sawmill | bark chips, wet, measured as dry mass | EN15804, U",25148502-389c-48cb-ba66-c7f90d37d57c,1,kg
"sulfate pulp production, from softwood, unbleached | bark chips, wet, measured as dry mass | EN15804, U",aa9b3e2c-ad13-4e4c-b92c-a5f9238f121d,1,kg
"particleboard production, uncoated, average glue mix | bark chips, wet, measured as dry mass | EN15804, U",1a277614-c755-4822-a202-7bf93d35fc80,1,kg
"market for bark chips, wet, measured as dry mass | bark chips, wet, measured as dry mass | EN15804, U",1984a1ff-a5d9-455e-8bdb-09127d1300ec,1,kg
"bark chips production, hardwood, at sawmill | bark chips, wet, measured as dry mass | EN15804, U",59ffdf11-68fa-4ba2-b01f-2e7eb0008a7d,1,kg
"bark chips production, hardwood, at sawmill | bark chips, wet, measured as dry mass | EN15804, U",75c59387-8e98-4b6c-a0b2-8c101bad5ea6,1,kg
"fibreboard production, soft, from wet & dry processes | bark chips, wet, measured as dry mass | EN15804, U",c771568f-46f6-4948-a7af-1d41ad17493f,1,kg
"kraft paper production | bark chips, wet, measured as dry mass | EN15804, U",20f722f4-0f55-4c5a-8f46-89cb67b79ad0,1,kg
"debarking, softwood, in forest | bark chips, wet, measured as dry mass | EN15804, U",124744e3-df09-4e40-a566-918e40a49cc8,1,kg
"debarking, softwood, in forest | bark chips, wet, measured as dry mass | EN15804, U",d61a9253-ef6d-42ee-8d75-be15e8c1ffcb,1,kg
"market for bark chips, wet, measured as dry mass | bark chips, wet, measured as dry mass | EN15804, U",08bcc86c-29e3-4268-9e8b-bb8cf98ef5df,1,kg
"particleboard production, uncoated, average glue mix | bark chips, wet, measured as dry mass | EN15804, U",e0b7e1b5-0e8d-4edd-8b49-eb3a3054453b,1,kg
"sulfate pulp production, from softwood, bleached | bark chips, wet, measured as dry mass | EN15804, U",d29ba5a0-bb64-4c1c-a114-801886ec7e5f,1,kg
"folding boxboard carton production | bark chips, wet, measured as dry mass | EN15804, U",d20d76c3-e8a4-464f-8f17-7f0ba626785b,1,kg
"fibreboard production, soft, from wet & dry processes | bark chips, wet, measured as dry mass | EN15804, U",2e02b41f-0ee3-4992-8023-1634814fcc6a,1,kg
